{"name":"fcd88b0a-d2e8-42b2-b81b-0d87495e28b0","id":"/providers/Microsoft.Flow/flows/fcd88b0a-d2e8-42b2-b81b-0d87495e28b0","type":"Microsoft.Flow/flows","properties":{"apiId":"/providers/Microsoft.PowerApps/apis/shared_logicflows","displayName":"ScynItem Sql Server->Business Central","definition":{"metadata":{"workflowEntityId":null,"processAdvisorMetadata":null,"flowChargedByPaygo":null,"flowclientsuspensionreason":"None","flowclientsuspensiontime":null,"flowclientsuspensionreasondetails":null,"creator":{"id":"e4be1980-b114-4675-acfc-49558281d3a8","type":"User","tenantId":"47738abe-da8e-4be9-b384-ab41686415ba"},"provisioningMethod":"FromDefinition","failureAlertSubscription":true,"clientLastModifiedTime":"2025-10-22T17:28:06.3724519Z","connectionKeySavedTimeKey":"2025-10-22T17:28:06.3724519Z","creationSource":null,"modifiedSources":"Portal"},"$schema":"https://schema.management.azure.com/providers/Microsoft.Logic/schemas/2016-06-01/workflowdefinition.json#","contentVersion":"undefined","parameters":{"$authentication":{"defaultValue":{},"type":"SecureObject"},"$connections":{"defaultValue":{},"type":"Object"}},"triggers":{"Recurrence":{"recurrence":{"frequency":"Week","interval":1,"startTime":"2025-10-01T14:00:00.000Z"},"evaluatedRecurrence":{"frequency":"Week","interval":1,"startTime":"2025-10-01T14:00:00.000Z"},"metadata":{"operationMetadataId":"73a400e4-b435-4d89-a1b3-2a1835870556"},"type":"Recurrence"}},"actions":{"Get_rows_(Items)":{"runAfter":{},"metadata":{"operationMetadataId":"ca643fb0-fb6f-458e-a720-1f80f4097165"},"type":"OpenApiConnection","inputs":{"parameters":{"server":"default","database":"default","table":"[dbo].[Add New Item TEST]","$top":14},"host":{"apiId":"/providers/Microsoft.PowerApps/apis/shared_sql","connectionName":"shared_sql","operationId":"GetItems_V2"},"authentication":"@parameters('$authentication')"}},"Apply_to_each":{"foreach":"@body('Filter_array')","actions":{"Condition":{"actions":{"Update_row_(V2)":{"runAfter":{"Condition_1":["Succeeded"]},"metadata":{"operationMetadataId":"ac198784-7b28-473c-8b18-8874b8d2e075"},"type":"OpenApiConnection","inputs":{"parameters":{"server":"default","database":"default","table":"[dbo].[Add New Item TEST]","id":"@items('Apply_to_each')?['Id']","item/CL_x0020_OpenPriceItem":"0","item/ScynTime":"@formatDateTime(convertFromUtc(utcNow(), 'Eastern Standard Time'), 'yyyy-MM-dd HH:mm:ss')\r\n"},"host":{"apiId":"/providers/Microsoft.PowerApps/apis/shared_sql","connectionName":"shared_sql","operationId":"PatchItem_V2"},"authentication":"@parameters('$authentication')"}},"Update_PetSave_Info":{"runAfter":{"Update_Cost_and_Posting_info":["Succeeded"]},"metadata":{"operationMetadataId":"760e20ba-fa7f-4a2b-a64d-74bc4a7cc53c"},"type":"OpenApiConnection","inputs":{"parameters":{"bcenvironment":"TESTBC","company":"243be5ef-0099-f011-a7ba-6045bde9ca0a","dataset":"joe/ItemFieldsFromSQL/v1.0","table":"itemPetSaves","id":"@outputs('UpdateRecord(V3)')?['body/id']","item/petSaveXferUoM":"@items('Apply_to_each')?['CR_x0020_PetSaveXferUoM']","item/petSaveXferUnits":"@items('Apply_to_each')?['CS_x0020_PetSaveXferUnits']","item/petSaveDistPrice":"@items('Apply_to_each')?['CT_x0020_PetSaveDistPrice']","item/discOffPetSaveDistPrice":"@items('Apply_to_each')?['CU_x0020_PetSaveDistDiscPercent']","item/petSavePromoDistPrice":"@items('Apply_to_each')?['CV_x0020_PetSavePromoDistPrice']","item/petSave5AbovePromoWP":"@items('Apply_to_each')?['CW_x0020_PetSave5PercentAbovePromoWP']","item/promoDiscStartDate":"@items('Apply_to_each')?['CX_x0020_PetSavePromoStartDate']","item/promoDiscEndDate":"@items('Apply_to_each')?['CY_x0020_PetSavePromoEndDate']"},"host":{"apiId":"/providers/Microsoft.PowerApps/apis/shared_dynamicssmbsaas","connectionName":"shared_dynamicssmbsaas","operationId":"PatchItemV3"},"authentication":"@parameters('$authentication')"}},"UpdateRecord(V3)":{"metadata":{"operationMetadataId":"fd980cb2-3ab7-44e3-a0e7-3e6fe732814a"},"type":"OpenApiConnection","inputs":{"parameters":{"bcenvironment":"TESTBC","company":"243be5ef-0099-f011-a7ba-6045bde9ca0a","dataset":"v2.0","table":"items","id":"@first(body('FindRecords(Items)')?['value'])?['id']\r\n","item/displayName":"@items('Apply_to_each')?['Description']","item/unitPrice":"@items('Apply_to_each')?['UnitPrice']"},"host":{"apiId":"/providers/Microsoft.PowerApps/apis/shared_dynamicssmbsaas","connectionName":"shared_dynamicssmbsaas","operationId":"PatchItemV3"},"authentication":"@parameters('$authentication')"}},"Update_General_Info":{"runAfter":{"UpdateRecord(V3)":["Succeeded"]},"metadata":{"operationMetadataId":"29ca597c-ee6e-4a30-a317-c4ac6c1d7cc5"},"type":"OpenApiConnection","inputs":{"parameters":{"bcenvironment":"TESTBC","company":"243be5ef-0099-f011-a7ba-6045bde9ca0a","dataset":"joe/ItemFieldsFromSQL/v1.0","table":"itemGenerals","id":"@outputs('UpdateRecord(V3)')?['body/id']","item/Description":"@items('Apply_to_each')?['D_x0020_DescriptionPOS']","item/descLength":"@items('Apply_to_each')?['E_x0020_DescLength']","item/first30":"@items('Apply_to_each')?['F_x0020_First30Chars']","item/next10":"@items('Apply_to_each')?['G_x0020_Next10Chars']","item/upc":"@items('Apply_to_each')?['H_x0020_UPC']","item/productId":"@items('Apply_to_each')?['C_x0020_ProductID']","item/aswo":"@items('Apply_to_each')?['I_x0020_ASWO']","item/cat":"@items('Apply_to_each')?['BS_x0020_Category']","item/subCat":"@items('Apply_to_each')?['BT_x0020_SubCategory']","item/uniqueId":"@items('Apply_to_each')?['BU_x0020_UniqueID']","item/sizeCode":"@items('Apply_to_each')?['BW_x0020_SizeCode']","item/colorCode":"@items('Apply_to_each')?['color']","item/mfgCodeForCountryOfOrigin":"@items('Apply_to_each')?['CD_x0020_MfgCodeOrigin']","item/in998YN":"@items('Apply_to_each')?['BY_x0020__x005b_In998']","item/dateAdded":"@items('Apply_to_each')?['CF_x0020_DateAdded']","item/itemStatus":"@items('Apply_to_each')?['CG_x0020_ItemStatus']","item/storeOrderBlock":"@items('Apply_to_each')?['CH_x0020_StoreOrderBlock']","item/sellFractions":"@items('Apply_to_each')?['CK_x0020_SellFractions']","item/addToUS4444":"@items('Apply_to_each')?['CP_x0020_AddToUS4444']","item/addToPetSave":"@items('Apply_to_each')?['CQ_x0020_AddToPetSave']","item/newItemSheetRequired":"@items('Apply_to_each')?['BZ_x0020__x005b_NewItemSheetRequired']","item/webItem":"@items('Apply_to_each')?['CI_x0020_WebItem']","item/fdaItem":"@items('Apply_to_each')?['CE_x0020_FDAItem']","item/commissionPct":"@items('Apply_to_each')?['U_x0020_CommissionPercent']","item/commissionAmt":"@items('Apply_to_each')?['V_x0020_CommissionAmount']","item/importFrtAmt":"@items('Apply_to_each')?['X_x0020_ImportFrtAmount']","item/dept":"@items('Apply_to_each')?['BQ_x0020_Dept']","item/subDept":"@items('Apply_to_each')?['BR_x0020_SubDept']"},"host":{"apiId":"/providers/Microsoft.PowerApps/apis/shared_dynamicssmbsaas","connectionName":"shared_dynamicssmbsaas","operationId":"PatchItemV3"},"authentication":"@parameters('$authentication')"}},"Update_Cost_and_Posting_info":{"runAfter":{"Condition_2":["Succeeded"]},"metadata":{"operationMetadataId":"a4e96ca5-80e5-48a2-a43f-c21d43ac0bdf"},"type":"OpenApiConnection","inputs":{"parameters":{"bcenvironment":"TESTBC","company":"243be5ef-0099-f011-a7ba-6045bde9ca0a","dataset":"joe/ItemFieldsFromSQL/v1.0","table":"itemCostPostings","id":"@outputs('UpdateRecord(V3)')?['body/id']","item/purchNetPrice":"@items('Apply_to_each')?['Q_x0020_FinalPromoDiscPercent']","item/importFrtPct":"@items('Apply_to_each')?['W_x0020_ImportFrtPercent']","item/importDutyPct":"@items('Apply_to_each')?['Y_x0020_ImportDutyPercent']","item/finalCostEachVendorCurr":"@items('Apply_to_each')?['AA_x0020_FinalCostVendorCurr']","item/landedCostEachCAD":"@items('Apply_to_each')?['AB_x0020_LandedCostCAD']","item/promoCostEach":"@items('Apply_to_each')?['AC_x0020_PromoCostEach']","item/calcPromoLandedCostEach":"@items('Apply_to_each')?['AD_x0020_PromoLandedCost']","item/exportFrtPct":"@items('Apply_to_each')?['AF_x0020_ExportFrtPercent']","item/exportDutyPct":"@items('Apply_to_each')?['AG_x0020_ExportDutyPercent']","item/pstFlag":"@items('Apply_to_each')?['CJ_x0020_PSTApplicable']","item/importTariffCode":"@items('Apply_to_each')?['CA_x0020_ImportTariffCode']","item/exportTariffCode":"@items('Apply_to_each')?['CB_x0020_ExportTariffCode']"},"host":{"apiId":"/providers/Microsoft.PowerApps/apis/shared_dynamicssmbsaas","connectionName":"shared_dynamicssmbsaas","operationId":"PatchItemV3"},"authentication":"@parameters('$authentication')"}},"FindUoMRecord":{"runAfter":{"Update_PetSave_Info":["Succeeded"]},"type":"OpenApiConnection","inputs":{"parameters":{"bcenvironment":"TESTBC","company":"243be5ef-0099-f011-a7ba-6045bde9ca0a","dataset":"joe/ItemFieldsFromSQL/v1.0","table":"itemPurchXferSetups","$filter":"itemNo eq '@{outputs('UpdateRecord(V3)')?['body/number']}'\n"},"host":{"apiId":"/providers/Microsoft.PowerApps/apis/shared_dynamicssmbsaas","connectionName":"shared_dynamicssmbsaas","operationId":"GetItemsV3"},"authentication":"@parameters('$authentication')"}},"Condition_1":{"actions":{"Update_UoM_info":{"type":"OpenApiConnection","inputs":{"parameters":{"bcenvironment":"TESTBC","company":"243be5ef-0099-f011-a7ba-6045bde9ca0a","dataset":"joe/ItemFieldsFromSQL/v1.0","table":"itemPurchXferSetups","id":"@body('FindUoMRecord')?['value'][0]?['systemId']\r\n","item/XferUoM":"@items('Apply_to_each')?['K_x0020_XferUoM']","item/XferUnits":"@items('Apply_to_each')?['L_x0020_XferUnits']","item/PurchUoM":"@items('Apply_to_each')?['M_x0020_PurchUoM']","item/PurchUnits":"@items('Apply_to_each')?['N_x0020_PurchUnits']","item/PurchUoMPrice":"@items('Apply_to_each')?['O_x0020_PurchUoMPrice']","item/PurchUoMDisc":"@items('Apply_to_each')?['P_x0020_PurchUoMDiscPercent']","item/PurchUoM2":"@items('Apply_to_each')?['BK_x0020_PurchUoM2']","item/PurchUnits2":"@items('Apply_to_each')?['BL_x0020_PurchUnits2']","item/Disc2":"@items('Apply_to_each')?['BP_x0020_PurchDiscPercent2']","item/CurrencyCode":"@items('Apply_to_each')?['B_x0020_CurrCode']"},"host":{"apiId":"/providers/Microsoft.PowerApps/apis/shared_dynamicssmbsaas","connectionName":"shared_dynamicssmbsaas","operationId":"PatchItemV3"},"authentication":"@parameters('$authentication')"}}},"runAfter":{"FindUoMRecord":["Succeeded"]},"else":{"actions":{"Create_UoM_info":{"type":"OpenApiConnection","inputs":{"parameters":{"bcenvironment":"TESTBC","company":"243be5ef-0099-f011-a7ba-6045bde9ca0a","dataset":"joe/ItemFieldsFromSQL/v1.0","table":"itemPurchXferSetups","item/ItemNo":"@outputs('UpdateRecord(V3)')?['body/number']","item/XferUoM":"@items('Apply_to_each')?['K_x0020_XferUoM']","item/XferUnits":"@items('Apply_to_each')?['L_x0020_XferUnits']","item/PurchUoM":"@items('Apply_to_each')?['M_x0020_PurchUoM']","item/PurchUnits":"@items('Apply_to_each')?['N_x0020_PurchUnits']","item/PurchUoMPrice":"@items('Apply_to_each')?['O_x0020_PurchUoMPrice']","item/PurchUoMDisc":"@items('Apply_to_each')?['P_x0020_PurchUoMDiscPercent']","item/PurchUoM2":"@items('Apply_to_each')?['BK_x0020_PurchUoM2']","item/PurchUnits2":"@items('Apply_to_each')?['BL_x0020_PurchUnits2']","item/Disc2":"@items('Apply_to_each')?['BP_x0020_PurchDiscPercent2']","item/CurrencyCode":"@items('Apply_to_each')?['B_x0020_CurrCode']"},"host":{"apiId":"/providers/Microsoft.PowerApps/apis/shared_dynamicssmbsaas","connectionName":"shared_dynamicssmbsaas","operationId":"PostItemV3"},"authentication":"@parameters('$authentication')"}}}},"expression":{"and":[{"greater":["@length(outputs('FindUoMRecord')?['body/value'])",0]}]},"type":"If"},"UpdatePriceSalesInfo":{"runAfter":{"Update_General_Info":["Succeeded"]},"metadata":{"operationMetadataId":"6e573236-8056-4c04-a345-ebc931d2882b"},"type":"OpenApiConnection","inputs":{"parameters":{"bcenvironment":"TESTBC","company":"243be5ef-0099-f011-a7ba-6045bde9ca0a","dataset":"joe/ItemFieldsFromSQL/v1.0","table":"itemPriceSales","id":"@outputs('UpdateRecord(V3)')?['body/id']","item/finalPromoDiscPct":"@items('Apply_to_each')?['Q_x0020_FinalPromoDiscPercent']","item/promoNetPriceEach":"@items('Apply_to_each')?['R_x0020_PromoNetPriceEach']","item/packingCharge":"@items('Apply_to_each')?['T_x0020_PackingCharge']","item/desiredUsRetailMargin":"@items('Apply_to_each')?['AE_x0020_DesiredUSRetailMargin']","item/suggestedUsRetailPrice":"@items('Apply_to_each')?['AH_x0020_SuggestedUSRetailPrice']","item/marginOnSuggestedUsRetailPrice":"@items('Apply_to_each')?['AI_x0020_MarginSuggestedUSRetail']","item/finalUsRetailPrice":"@items('Apply_to_each')?['AJ_x0020_FinalUSRetailPrice']","item/marginOnFinalUsRetailPrice":"@items('Apply_to_each')?['AK_x0020_MarginFinalUSRetail']","item/desiredWholesaleMargin":"@items('Apply_to_each')?['AL_x0020_DesiredWholesaleMargin']","item/suggestedWholesalePrice":"@items('Apply_to_each')?['AM_x0020_SuggestedWholesalePrice']","item/marginOnSuggestedWholesalePrice":"@items('Apply_to_each')?['AN_x0020_MarginSuggestedWholesale']","item/finalWholesalePrice":"@items('Apply_to_each')?['AO_x0020_FinalWholesalePrice']","item/marginOnFinalWholesalePrice":"@items('Apply_to_each')?['AP_x0020_MarginFinalWholesale']","item/competitorWholesalePrice":"@items('Apply_to_each')?['AQ_x0020_CompetitorWholesalePrice']","item/competitorWholesalePriceAtExchRate":"@items('Apply_to_each')?['AR_x0020_CompetitorWholesalePriceAtRate']","item/marginOnCompetitorWholesalePrice":"@items('Apply_to_each')?['AS_x0020_MarginCompetitorPrice']","item/desiredPromoWholesaleMargin":"@items('Apply_to_each')?['AT_x0020_DesiredPromoWholesaleMargin']","item/suggestedPromoWholesalePrice":"@items('Apply_to_each')?['AU_x0020_SuggestedPromoWholesalePrice']","item/marginOnSuggestedPromoWholesalePriceAndCalcLanded":"@items('Apply_to_each')?['AV_x0020_MarginSuggestedPromoWholesale']","item/promoWholesalePrice":"@items('Apply_to_each')?['AW_x0020_PromoWholesalePrice']","item/marginOnPromoWholesalePriceAndCalcLanded":"@items('Apply_to_each')?['AX_x0020_MarginPromoWholesale']","item/desiredRetailMargin":"@items('Apply_to_each')?['AY_x0020_DesiredRetailMargin']","item/suggestedRetailPrice":"@items('Apply_to_each')?['AZ_x0020_SuggestedRetailPrice']","item/marginOnSuggestedRetailPrice":"@items('Apply_to_each')?['BA_x0020_MarginSuggestedRetail']","item/finalRetailPrice":"@items('Apply_to_each')?['BB_x0020_FinalRetailPrice']","item/marginOnFinalRetailPrice":"@items('Apply_to_each')?['BC_x0020_MarginFinalRetail']","item/desiredPromoRetailMargin":"@items('Apply_to_each')?['BD_x0020_DesiredPromoRetailMargin']","item/suggestedPromoRetailPrice":"@items('Apply_to_each')?['BE_x0020_SuggestedPromoRetailPrice']","item/marginOnSuggestedPromoRetailPriceAndPromoWholesale":"@items('Apply_to_each')?['BF_x0020_MarginSuggestedPromoRetail']","item/promoRetailPrice":"@items('Apply_to_each')?['BG_x0020_PromoRetailPrice']","item/marginOnPromoRetailPriceAndPromoWholesale":"@items('Apply_to_each')?['BH_x0020_MarginPromoRetail']","item/cdnMapPrice":"@items('Apply_to_each')?['BI_x0020_CDN_MAP_Price']","item/usMapPrice":"@items('Apply_to_each')?['BJ_x0020_US_MAP_Price']","item/openPriceItem":"@items('Apply_to_each')?['CL_x0020_OpenPriceItem']","item/couponItem":"@items('Apply_to_each')?['CM_x0020_CouponItem']","item/pointsNeededToUseCoupon":"@items('Apply_to_each')?['CN_x0020_PointsToUseCoupon']","item/returnableItem":"@items('Apply_to_each')?['CO_x0020_ReturnableItem']"},"host":{"apiId":"/providers/Microsoft.PowerApps/apis/shared_dynamicssmbsaas","connectionName":"shared_dynamicssmbsaas","operationId":"PatchItemV3"},"authentication":"@parameters('$authentication')"}},"FindItemUoM":{"runAfter":{"UpdatePriceSalesInfo":["Succeeded"]},"type":"OpenApiConnection","inputs":{"parameters":{"bcenvironment":"TESTBC","company":"243be5ef-0099-f011-a7ba-6045bde9ca0a","dataset":"joe/ItemFieldsFromSQL/v1.0","table":"itemUnitsOfMeasure","$filter":"ItemNo eq '@{items('Apply_to_each')?['BX_x0020_ITEM']}' and Code eq '@{items('Apply_to_each')?['J_x0020_SellUoM']}'"},"host":{"apiId":"/providers/Microsoft.PowerApps/apis/shared_dynamicssmbsaas","connectionName":"shared_dynamicssmbsaas","operationId":"GetItemsV3"},"authentication":"@parameters('$authentication')"}},"Condition_2":{"actions":{"Update_Item_UoM":{"type":"OpenApiConnection","inputs":{"parameters":{"bcenvironment":"TESTBC","company":"243be5ef-0099-f011-a7ba-6045bde9ca0a","dataset":"joe/ItemFieldsFromSQL/v1.0","table":"itemUnitsOfMeasure","id":"@body('FindItemUoM')?['value'][0]?['systemId']","item/QtyPerUnitofMeasure":1},"host":{"apiId":"/providers/Microsoft.PowerApps/apis/shared_dynamicssmbsaas","connectionName":"shared_dynamicssmbsaas","operationId":"PatchItemV3"},"authentication":"@parameters('$authentication')"}}},"runAfter":{"FindItemUoM":["Succeeded"]},"else":{"actions":{"Create_Item_UoM":{"type":"OpenApiConnection","inputs":{"parameters":{"bcenvironment":"TESTBC","company":"243be5ef-0099-f011-a7ba-6045bde9ca0a","dataset":"joe/ItemFieldsFromSQL/v1.0","table":"itemUnitsOfMeasure","item/ItemNo":"@outputs('UpdateRecord(V3)')?['body/number']","item/Code":"@items('Apply_to_each')?['J_x0020_SellUoM']","item/QtyPerUnitofMeasure":1},"host":{"apiId":"/providers/Microsoft.PowerApps/apis/shared_dynamicssmbsaas","connectionName":"shared_dynamicssmbsaas","operationId":"PostItemV3"},"authentication":"@parameters('$authentication')"}}}},"expression":{"and":[{"greater":["@length(outputs('FindItemUoM')?['body/value'])",0]}]},"type":"If"}},"runAfter":{"FindRecords(Items)":["Succeeded"]},"else":{"actions":{"Update_row_(V2)_1":{"runAfter":{"Condition_1_1":["Succeeded"]},"metadata":{"operationMetadataId":"cff977b1-f9c2-41bf-8f3b-e013d1c0a079"},"type":"OpenApiConnection","inputs":{"parameters":{"server":"default","database":"default","table":"[dbo].[Add New Item TEST]","id":"@items('Apply_to_each')?['Id']","item/CL_x0020_OpenPriceItem":"0","item/ScynTime":"@formatDateTime(convertFromUtc(utcNow(), 'Eastern Standard Time'), 'yyyy-MM-dd HH:mm:ss')\r\n"},"host":{"apiId":"/providers/Microsoft.PowerApps/apis/shared_sql","connectionName":"shared_sql","operationId":"PatchItem_V2"},"authentication":"@parameters('$authentication')"}},"Update_Cost_and_Posting_fields":{"runAfter":{"Create_Item_UoM1":["Succeeded"]},"metadata":{"operationMetadataId":"41e2382e-5ab8-4244-843a-623353abc0a9"},"type":"OpenApiConnection","inputs":{"parameters":{"bcenvironment":"TESTBC","company":"243be5ef-0099-f011-a7ba-6045bde9ca0a","dataset":"joe/ItemFieldsFromSQL/v1.0","table":"itemCostPostings","id":"@outputs('CreateRecord(V3)')?['body/id']","item/purchNetPrice":"@items('Apply_to_each')?['S_x0020_PurchNetPrice']","item/importFrtPct":"@items('Apply_to_each')?['W_x0020_ImportFrtPercent']","item/importDutyPct":"@items('Apply_to_each')?['Y_x0020_ImportDutyPercent']","item/finalCostEachVendorCurr":"@items('Apply_to_each')?['AA_x0020_FinalCostVendorCurr']","item/landedCostEachCAD":"@items('Apply_to_each')?['AB_x0020_LandedCostCAD']","item/promoCostEach":"@items('Apply_to_each')?['AC_x0020_PromoCostEach']","item/calcPromoLandedCostEach":"@items('Apply_to_each')?['AD_x0020_PromoLandedCost']","item/exportFrtPct":"@items('Apply_to_each')?['AF_x0020_ExportFrtPercent']","item/exportDutyPct":"@items('Apply_to_each')?['AG_x0020_ExportDutyPercent']","item/pstFlag":"@items('Apply_to_each')?['CJ_x0020_PSTApplicable']","item/importTariffCode":"@items('Apply_to_each')?['CA_x0020_ImportTariffCode']","item/exportTariffCode":"@items('Apply_to_each')?['CB_x0020_ExportTariffCode']"},"host":{"apiId":"/providers/Microsoft.PowerApps/apis/shared_dynamicssmbsaas","connectionName":"shared_dynamicssmbsaas","operationId":"PatchItemV3"},"authentication":"@parameters('$authentication')"}},"Update_PetSave_Fields":{"runAfter":{"Update_Cost_and_Posting_fields":["Succeeded"]},"metadata":{"operationMetadataId":"3d3d8eee-0cb1-4eb9-a2ac-395cf918ecef"},"type":"OpenApiConnection","inputs":{"parameters":{"bcenvironment":"TESTBC","company":"243be5ef-0099-f011-a7ba-6045bde9ca0a","dataset":"joe/ItemFieldsFromSQL/v1.0","table":"itemPetSaves","id":"@outputs('CreateRecord(V3)')?['body/id']","item/petSaveXferUoM":"@items('Apply_to_each')?['CR_x0020_PetSaveXferUoM']","item/petSaveXferUnits":"@items('Apply_to_each')?['CS_x0020_PetSaveXferUnits']","item/petSaveDistPrice":"@items('Apply_to_each')?['CT_x0020_PetSaveDistPrice']","item/discOffPetSaveDistPrice":"@items('Apply_to_each')?['CU_x0020_PetSaveDistDiscPercent']","item/petSavePromoDistPrice":"@items('Apply_to_each')?['CV_x0020_PetSavePromoDistPrice']","item/petSave5AbovePromoWP":"@items('Apply_to_each')?['CW_x0020_PetSave5PercentAbovePromoWP']","item/promoDiscStartDate":"@items('Apply_to_each')?['CX_x0020_PetSavePromoStartDate']","item/promoDiscEndDate":"@items('Apply_to_each')?['CY_x0020_PetSavePromoEndDate']"},"host":{"apiId":"/providers/Microsoft.PowerApps/apis/shared_dynamicssmbsaas","connectionName":"shared_dynamicssmbsaas","operationId":"PatchItemV3"},"authentication":"@parameters('$authentication')"}},"CreateRecord(V3)":{"metadata":{"operationMetadataId":"7f752654-abb4-4ddf-a1db-66b064e7c3ed"},"type":"OpenApiConnection","inputs":{"parameters":{"bcenvironment":"TESTBC","company":"243be5ef-0099-f011-a7ba-6045bde9ca0a","dataset":"v2.0","table":"items","item/number":"@items('Apply_to_each')?['BX_x0020_ITEM']","item/displayName":"@items('Apply_to_each')?['Description']","item/unitPrice":"@items('Apply_to_each')?['UnitPrice']"},"host":{"apiId":"/providers/Microsoft.PowerApps/apis/shared_dynamicssmbsaas","connectionName":"shared_dynamicssmbsaas","operationId":"PostItemV3"},"authentication":"@parameters('$authentication')"}},"Update_General_Info_2":{"runAfter":{"CreateRecord(V3)":["Succeeded"]},"metadata":{"operationMetadataId":"29ca597c-ee6e-4a30-a317-c4ac6c1d7cc5"},"type":"OpenApiConnection","inputs":{"parameters":{"bcenvironment":"TESTBC","company":"243be5ef-0099-f011-a7ba-6045bde9ca0a","dataset":"joe/ItemFieldsFromSQL/v1.0","table":"itemGenerals","id":"@outputs('CreateRecord(V3)')?['body/id']","item/Description":"@items('Apply_to_each')?['D_x0020_DescriptionPOS']","item/descLength":"@items('Apply_to_each')?['E_x0020_DescLength']","item/first30":"@items('Apply_to_each')?['F_x0020_First30Chars']","item/next10":"@items('Apply_to_each')?['G_x0020_Next10Chars']","item/upc":"@items('Apply_to_each')?['H_x0020_UPC']","item/productId":"@items('Apply_to_each')?['C_x0020_ProductID']","item/aswo":"@items('Apply_to_each')?['I_x0020_ASWO']","item/cat":"@items('Apply_to_each')?['BS_x0020_Category']","item/subCat":"@items('Apply_to_each')?['BT_x0020_SubCategory']","item/uniqueId":"@items('Apply_to_each')?['BU_x0020_UniqueID']","item/sizeCode":"@items('Apply_to_each')?['BW_x0020_SizeCode']","item/colorCode":"@items('Apply_to_each')?['color']","item/mfgCodeForCountryOfOrigin":"@items('Apply_to_each')?['CD_x0020_MfgCodeOrigin']","item/in998YN":"@items('Apply_to_each')?['BY_x0020__x005b_In998']","item/dateAdded":"@items('Apply_to_each')?['CF_x0020_DateAdded']","item/itemStatus":"@items('Apply_to_each')?['CG_x0020_ItemStatus']","item/storeOrderBlock":"@items('Apply_to_each')?['CH_x0020_StoreOrderBlock']","item/sellFractions":"@items('Apply_to_each')?['CK_x0020_SellFractions']","item/addToUS4444":"@items('Apply_to_each')?['CP_x0020_AddToUS4444']","item/addToPetSave":"@items('Apply_to_each')?['CQ_x0020_AddToPetSave']","item/newItemSheetRequired":"@items('Apply_to_each')?['BZ_x0020__x005b_NewItemSheetRequired']","item/webItem":"@items('Apply_to_each')?['CI_x0020_WebItem']","item/fdaItem":"@items('Apply_to_each')?['CE_x0020_FDAItem']","item/commissionPct":"@items('Apply_to_each')?['U_x0020_CommissionPercent']","item/commissionAmt":"@items('Apply_to_each')?['V_x0020_CommissionAmount']","item/importFrtAmt":"@items('Apply_to_each')?['X_x0020_ImportFrtAmount']","item/dept":"@items('Apply_to_each')?['BQ_x0020_Dept']","item/subDept":"@items('Apply_to_each')?['BR_x0020_SubDept']"},"host":{"apiId":"/providers/Microsoft.PowerApps/apis/shared_dynamicssmbsaas","connectionName":"shared_dynamicssmbsaas","operationId":"PatchItemV3"},"authentication":"@parameters('$authentication')"}},"UpdatePriceSalesInfo_1":{"runAfter":{"Update_General_Info_2":["Succeeded"]},"metadata":{"operationMetadataId":"6e573236-8056-4c04-a345-ebc931d2882b"},"type":"OpenApiConnection","inputs":{"parameters":{"bcenvironment":"TESTBC","company":"243be5ef-0099-f011-a7ba-6045bde9ca0a","dataset":"joe/ItemFieldsFromSQL/v1.0","table":"itemPriceSales","id":"@outputs('CreateRecord(V3)')?['body/id']","item/finalPromoDiscPct":"@items('Apply_to_each')?['Q_x0020_FinalPromoDiscPercent']","item/promoNetPriceEach":"@items('Apply_to_each')?['R_x0020_PromoNetPriceEach']","item/packingCharge":"@items('Apply_to_each')?['T_x0020_PackingCharge']","item/desiredUsRetailMargin":"@items('Apply_to_each')?['AE_x0020_DesiredUSRetailMargin']","item/suggestedUsRetailPrice":"@items('Apply_to_each')?['AH_x0020_SuggestedUSRetailPrice']","item/marginOnSuggestedUsRetailPrice":"@items('Apply_to_each')?['AI_x0020_MarginSuggestedUSRetail']","item/finalUsRetailPrice":"@items('Apply_to_each')?['AJ_x0020_FinalUSRetailPrice']","item/marginOnFinalUsRetailPrice":"@items('Apply_to_each')?['AK_x0020_MarginFinalUSRetail']","item/desiredWholesaleMargin":"@items('Apply_to_each')?['AL_x0020_DesiredWholesaleMargin']","item/suggestedWholesalePrice":"@items('Apply_to_each')?['AM_x0020_SuggestedWholesalePrice']","item/marginOnSuggestedWholesalePrice":"@items('Apply_to_each')?['AN_x0020_MarginSuggestedWholesale']","item/finalWholesalePrice":"@items('Apply_to_each')?['AO_x0020_FinalWholesalePrice']","item/marginOnFinalWholesalePrice":"@items('Apply_to_each')?['AP_x0020_MarginFinalWholesale']","item/competitorWholesalePrice":"@items('Apply_to_each')?['AQ_x0020_CompetitorWholesalePrice']","item/competitorWholesalePriceAtExchRate":"@items('Apply_to_each')?['AR_x0020_CompetitorWholesalePriceAtRate']","item/marginOnCompetitorWholesalePrice":"@items('Apply_to_each')?['AS_x0020_MarginCompetitorPrice']","item/desiredPromoWholesaleMargin":"@items('Apply_to_each')?['AT_x0020_DesiredPromoWholesaleMargin']","item/suggestedPromoWholesalePrice":"@items('Apply_to_each')?['AU_x0020_SuggestedPromoWholesalePrice']","item/marginOnSuggestedPromoWholesalePriceAndCalcLanded":"@items('Apply_to_each')?['AV_x0020_MarginSuggestedPromoWholesale']","item/promoWholesalePrice":"@items('Apply_to_each')?['AW_x0020_PromoWholesalePrice']","item/marginOnPromoWholesalePriceAndCalcLanded":"@items('Apply_to_each')?['AX_x0020_MarginPromoWholesale']","item/desiredRetailMargin":"@items('Apply_to_each')?['AY_x0020_DesiredRetailMargin']","item/suggestedRetailPrice":"@items('Apply_to_each')?['AZ_x0020_SuggestedRetailPrice']","item/marginOnSuggestedRetailPrice":"@items('Apply_to_each')?['BA_x0020_MarginSuggestedRetail']","item/finalRetailPrice":"@items('Apply_to_each')?['BB_x0020_FinalRetailPrice']","item/marginOnFinalRetailPrice":"@items('Apply_to_each')?['BC_x0020_MarginFinalRetail']","item/desiredPromoRetailMargin":"@items('Apply_to_each')?['BD_x0020_DesiredPromoRetailMargin']","item/suggestedPromoRetailPrice":"@items('Apply_to_each')?['BE_x0020_SuggestedPromoRetailPrice']","item/marginOnSuggestedPromoRetailPriceAndPromoWholesale":"@items('Apply_to_each')?['BF_x0020_MarginSuggestedPromoRetail']","item/promoRetailPrice":"@items('Apply_to_each')?['BG_x0020_PromoRetailPrice']","item/marginOnPromoRetailPriceAndPromoWholesale":"@items('Apply_to_each')?['BH_x0020_MarginPromoRetail']","item/cdnMapPrice":"@items('Apply_to_each')?['BI_x0020_CDN_MAP_Price']","item/usMapPrice":"@items('Apply_to_each')?['BJ_x0020_US_MAP_Price']","item/openPriceItem":"@items('Apply_to_each')?['CL_x0020_OpenPriceItem']","item/couponItem":"@items('Apply_to_each')?['CM_x0020_CouponItem']","item/pointsNeededToUseCoupon":"@items('Apply_to_each')?['CN_x0020_PointsToUseCoupon']","item/returnableItem":"@items('Apply_to_each')?['CO_x0020_ReturnableItem']"},"host":{"apiId":"/providers/Microsoft.PowerApps/apis/shared_dynamicssmbsaas","connectionName":"shared_dynamicssmbsaas","operationId":"PatchItemV3"},"authentication":"@parameters('$authentication')"}},"Create_Item_UoM1":{"runAfter":{"UpdatePriceSalesInfo_1":["Succeeded"]},"type":"OpenApiConnection","inputs":{"parameters":{"bcenvironment":"TESTBC","company":"243be5ef-0099-f011-a7ba-6045bde9ca0a","dataset":"joe/ItemFieldsFromSQL/v1.0","table":"itemUnitsOfMeasure","item/ItemNo":"@outputs('CreateRecord(V3)')?['body/number']","item/Code":"@items('Apply_to_each')?['J_x0020_SellUoM']","item/QtyPerUnitofMeasure":1},"host":{"apiId":"/providers/Microsoft.PowerApps/apis/shared_dynamicssmbsaas","connectionName":"shared_dynamicssmbsaas","operationId":"PostItemV3"},"authentication":"@parameters('$authentication')"}},"FindUoMRecord1":{"runAfter":{"Update_PetSave_Fields":["Succeeded"]},"type":"OpenApiConnection","inputs":{"parameters":{"bcenvironment":"TESTBC","company":"243be5ef-0099-f011-a7ba-6045bde9ca0a","dataset":"joe/ItemFieldsFromSQL/v1.0","table":"itemPurchXferSetups","$filter":"itemNo eq '@{outputs('CreateRecord(V3)')?['body/number']}'\n"},"host":{"apiId":"/providers/Microsoft.PowerApps/apis/shared_dynamicssmbsaas","connectionName":"shared_dynamicssmbsaas","operationId":"GetItemsV3"},"authentication":"@parameters('$authentication')"}},"Condition_1_1":{"actions":{"Update_UoM_info_1":{"type":"OpenApiConnection","inputs":{"parameters":{"bcenvironment":"TESTBC","company":"243be5ef-0099-f011-a7ba-6045bde9ca0a","dataset":"joe/ItemFieldsFromSQL/v1.0","table":"itemPurchXferSetups","id":"@body('FindUoMRecord1')?['value'][0]?['systemId']\r\n","item/XferUoM":"@items('Apply_to_each')?['K_x0020_XferUoM']","item/XferUnits":"@items('Apply_to_each')?['L_x0020_XferUnits']","item/PurchUoM":"@items('Apply_to_each')?['M_x0020_PurchUoM']","item/PurchUnits":"@items('Apply_to_each')?['N_x0020_PurchUnits']","item/PurchUoMPrice":"@items('Apply_to_each')?['O_x0020_PurchUoMPrice']","item/PurchUoMDisc":"@items('Apply_to_each')?['P_x0020_PurchUoMDiscPercent']","item/PurchUoM2":"@items('Apply_to_each')?['BK_x0020_PurchUoM2']","item/PurchUnits2":"@items('Apply_to_each')?['BL_x0020_PurchUnits2']","item/Disc2":"@items('Apply_to_each')?['BP_x0020_PurchDiscPercent2']","item/CurrencyCode":"@items('Apply_to_each')?['B_x0020_CurrCode']"},"host":{"apiId":"/providers/Microsoft.PowerApps/apis/shared_dynamicssmbsaas","connectionName":"shared_dynamicssmbsaas","operationId":"PatchItemV3"},"authentication":"@parameters('$authentication')"}}},"runAfter":{"FindUoMRecord1":["Succeeded"]},"else":{"actions":{"Create_UoM_info_1":{"type":"OpenApiConnection","inputs":{"parameters":{"bcenvironment":"TESTBC","company":"243be5ef-0099-f011-a7ba-6045bde9ca0a","dataset":"joe/ItemFieldsFromSQL/v1.0","table":"itemPurchXferSetups","item/ItemNo":"@outputs('CreateRecord(V3)')?['body/number']","item/XferUoM":"@items('Apply_to_each')?['K_x0020_XferUoM']","item/XferUnits":"@items('Apply_to_each')?['L_x0020_XferUnits']","item/PurchUoM":"@items('Apply_to_each')?['M_x0020_PurchUoM']","item/PurchUnits":"@items('Apply_to_each')?['N_x0020_PurchUnits']","item/PurchUoMPrice":"@items('Apply_to_each')?['O_x0020_PurchUoMPrice']","item/PurchUoMDisc":"@items('Apply_to_each')?['P_x0020_PurchUoMDiscPercent']","item/PurchUoM2":"@items('Apply_to_each')?['BK_x0020_PurchUoM2']","item/PurchUnits2":"@items('Apply_to_each')?['BL_x0020_PurchUnits2']","item/Disc2":"@items('Apply_to_each')?['BP_x0020_PurchDiscPercent2']","item/CurrencyCode":"@items('Apply_to_each')?['B_x0020_CurrCode']"},"host":{"apiId":"/providers/Microsoft.PowerApps/apis/shared_dynamicssmbsaas","connectionName":"shared_dynamicssmbsaas","operationId":"PostItemV3"},"authentication":"@parameters('$authentication')"}}}},"expression":{"and":[{"greater":["@length(outputs('FindUoMRecord1')?['body/value'])",0]}]},"type":"If"}}},"expression":{"and":[{"greater":["@length(outputs('FindRecords(Items)')?['body/value'])",0]}]},"metadata":{"operationMetadataId":"2f6e7880-234a-4c72-ba24-3d60b82b9182"},"type":"If"},"FindRecords(Items)":{"metadata":{"operationMetadataId":"aa3a11a3-dd6f-4fe4-88a7-248cd576d941"},"type":"OpenApiConnection","inputs":{"parameters":{"bcenvironment":"TESTBC","company":"243be5ef-0099-f011-a7ba-6045bde9ca0a","dataset":"v2.0","table":"items","$filter":"number eq '@{items('Apply_to_each')?['BX_x0020_ITEM']}'\n"},"host":{"apiId":"/providers/Microsoft.PowerApps/apis/shared_dynamicssmbsaas","connectionName":"shared_dynamicssmbsaas","operationId":"GetItemsV3"},"authentication":"@parameters('$authentication')"}}},"runAfter":{"Filter_array":["Succeeded"]},"metadata":{"operationMetadataId":"57099e47-dfd2-412e-8668-b70294a083aa"},"type":"Foreach"},"Filter_array":{"runAfter":{"Get_rows_(Items)":["Succeeded"]},"metadata":{"operationMetadataId":"c786e9c8-639f-42b9-b01e-4f5ff8449b3d"},"type":"Query","inputs":{"from":"@outputs('Get_rows_(Items)')?['body/value']\n","where":"@equals(item()?['CL_x0020_OpenPriceItem'], '1')\n"}}}},"connectionReferences":{"shared_sql":{"connectionName":"97676fa7c8f14d61a7d18115d9cf9999","source":"Embedded","id":"/providers/Microsoft.PowerApps/apis/shared_sql","tier":"NotSpecified","apiName":"sql","isProcessSimpleApiReferenceConversionAlreadyDone":false},"shared_dynamicssmbsaas":{"connectionName":"shared-dynamicssmbsa-30aeaaed-b281-402f-ab93-7c21e2fa9c4a","source":"Embedded","id":"/providers/Microsoft.PowerApps/apis/shared_dynamicssmbsaas","tier":"NotSpecified","apiName":"dynamicssmbsaas","isProcessSimpleApiReferenceConversionAlreadyDone":false}},"flowFailureAlertSubscribed":false,"isManaged":false}}